<?xml version="1.0" encoding="utf-8" standalone="yes"?>
<rss version="2.0" xmlns:atom="http://www.w3.org/2005/Atom">
  <channel>
    <title>PAULME Immo - Agence immobilière du Pays de Gex</title>
    <link>http://www.paulme.immo/</link>
    <description>Recent content on PAULME Immo - Agence immobilière du Pays de Gex</description>
    <generator>Hugo -- gohugo.io</generator>
    <language>en-us</language>
    
	<atom:link href="http://www.paulme.immo/index.xml" rel="self" type="application/rss+xml" />
    
    
  </channel>
</rss>